{
  "config": {
    "dream_model": "Dream-org/Dream-v0-Instruct-7B",
    "qwen_model": "Qwen/Qwen2.5-0.5B-Instruct",
    "device": "NVIDIA A100-SXM4-80GB",
    "n_prompts": 20,
    "n_warmup": 3,
    "max_new_tokens": 256
  },
  "dream": {
    "steps_13": {
      "mean_s": 0.5517848713323474,
      "std_s": 0.004537204357275051,
      "median_s": 0.5500540565699339,
      "min_s": 0.5476197432726622,
      "max_s": 0.5647075474262238,
      "mean_gen_len": 256.0,
      "mean_committed": 256.0,
      "per_step_ms": 42.44499010248826,
      "all_timings": [
        0.5619790181517601,
        0.5492275878787041,
        0.5527785532176495,
        0.5520922932773829,
        0.5647075474262238,
        0.5585683956742287,
        0.5511692482978106,
        0.5511874053627253,
        0.5534458719193935,
        0.5499588213860989,
        0.5501629468053579,
        0.5488300155848265,
        0.5476197432726622,
        0.5497453305870295,
        0.5487370099872351,
        0.5482067428529263,
        0.548793314024806,
        0.549356559291482,
        0.5501492917537689,
        0.5489817298948765
      ]
    },
    "steps_19": {
      "mean_s": 0.8040950549766421,
      "std_s": 0.005606044218636413,
      "median_s": 0.8014321774244308,
      "min_s": 0.7998457811772823,
      "max_s": 0.8227584287524223,
      "mean_gen_len": 256.0,
      "mean_committed": 256.0,
      "per_step_ms": 42.32079236719169,
      "all_timings": [
        0.8069814555346966,
        0.7999746967107058,
        0.8034838903695345,
        0.8128924667835236,
        0.8227584287524223,
        0.8092559725046158,
        0.8091324958950281,
        0.802013099193573,
        0.8055846430361271,
        0.7999771162867546,
        0.8015455827116966,
        0.8009570967406034,
        0.7998457811772823,
        0.801008177921176,
        0.8009735159575939,
        0.8009415622800589,
        0.7999695595353842,
        0.8008478544652462,
        0.8024389315396547,
        0.8013187721371651
      ]
    },
    "steps_32": {
      "mean_s": 1.3480797384865582,
      "std_s": 0.005819704364218371,
      "median_s": 1.3454557275399566,
      "min_s": 1.3406524751335382,
      "max_s": 1.3602168150246143,
      "mean_gen_len": 256.0,
      "mean_committed": 256.0,
      "per_step_ms": 42.127491827704944,
      "all_timings": [
        1.358794754371047,
        1.343987051397562,
        1.3502445351332426,
        1.3525313436985016,
        1.3602168150246143,
        1.3563499003648758,
        1.3512957133352757,
        1.3564876150339842,
        1.3490950129926205,
        1.3406524751335382,
        1.342590494081378,
        1.3446451518684626,
        1.3437780402600765,
        1.3464330825954676,
        1.344267362728715,
        1.3424924332648516,
        1.3423902671784163,
        1.3444312661886215,
        1.3453301899135113,
        1.3455812651664019
      ]
    },
    "steps_51": {
      "mean_s": 2.1423031336627902,
      "std_s": 0.007885531346159099,
      "median_s": 2.1391145354136825,
      "min_s": 2.134332476183772,
      "max_s": 2.162120832130313,
      "mean_gen_len": 256.0,
      "mean_committed": 256.0,
      "per_step_ms": 42.00594379730961,
      "all_timings": [
        2.146625967696309,
        2.1375048253685236,
        2.143777474761009,
        2.145493095740676,
        2.1562690772116184,
        2.162120832130313,
        2.1559476740658283,
        2.1411700788885355,
        2.150083737447858,
        2.1377312541007996,
        2.1393333561718464,
        2.1387121621519327,
        2.1344014704227448,
        2.135416477918625,
        2.13672012090683,
        2.1353074088692665,
        2.135776525363326,
        2.134332476183772,
        2.140442943200469,
        2.1388957146555185
      ]
    },
    "steps_128": {
      "mean_s": 5.3825672442093495,
      "std_s": 0.031100779204544536,
      "median_s": 5.3748490530997515,
      "min_s": 5.352611565962434,
      "max_s": 5.4902756959199905,
      "mean_gen_len": 256.0,
      "mean_committed": 256.0,
      "per_step_ms": 42.05130659538554,
      "all_timings": [
        5.391949225217104,
        5.385906079784036,
        5.412477057427168,
        5.3841153513640165,
        5.415673488751054,
        5.402135096490383,
        5.398766292259097,
        5.379710551351309,
        5.4902756959199905,
        5.356545811519027,
        5.3769983891397715,
        5.36941609531641,
        5.357282727956772,
        5.3556400910019875,
        5.360457457602024,
        5.368426097556949,
        5.354540100321174,
        5.352611565962434,
        5.3726997170597315,
        5.365717992186546
      ]
    }
  },
  "qwen": {
    "mean_total_s": 4.246569974347949,
    "std_total_s": 1.1784357936621261,
    "mean_gen_len": 232.15,
    "mean_per_token_ms": 18.248899043751315,
    "std_per_token_ms": 0.8638562259395235,
    "all_timings": [
      0.14647402055561543,
      2.163438966497779,
      2.7327308263629675,
      4.428818061947823,
      4.444864207878709,
      4.425541743636131,
      4.444181287661195,
      4.434600679203868,
      4.439203407615423,
      4.442281531170011,
      4.800546251237392,
      4.931117091327906,
      4.842785241082311,
      4.910632247105241,
      4.913964845240116,
      4.810480419546366,
      4.869848635047674,
      4.848680876195431,
      4.960741834715009,
      4.9404673129320145
    ],
    "all_gen_lens": [
      8,
      125,
      158,
      256,
      256,
      256,
      256,
      256,
      256,
      256,
      256,
      256,
      256,
      256,
      256,
      256,
      256,
      256,
      256,
      256
    ]
  },
  "derived": {
    "dlm_per_step_ms": 42.006803242408715,
    "ar_per_token_ms": 18.248899043751315,
    "ratio_step_to_token": 2.301881507574697,
    "estimated_pipeline_13_steps_100_tokens_ms": 2370.9783465264445,
    "estimated_dream_128_steps_ms": 5382.567244209349,
    "estimated_speedup": 2.2701882756942817
  }
}